Trace,Exp,Core_0_IPC,Core_0_LLC_total_miss,Core_0_LLC_load_miss,Core_0_LLC_RFO_miss,Core_0_LLC_writeback_miss,Filter
602.gcc_s-1850B,nopref,0.23959,89028,88949,6,73,1
602.gcc_s-1850B,spp,0.35569,90142,3577,5,10,1
602.gcc_s-1850B,bingo,0.37377,92889,4351,6,21,1
602.gcc_s-1850B,mlop,0.37925,92987,2789,0,8,1
602.gcc_s-1850B,pythia,0.37613,90201,2459,0,94,1
602.gcc_s-1850B,nopref_MTPS150,0.20583,89028,88949,6,73,1
602.gcc_s-1850B,spp_MTPS150,0.2431,90114,13784,5,1,1
602.gcc_s-1850B,bingo_MTPS150,0.2348,92817,4669,6,23,1
602.gcc_s-1850B,mlop_MTPS150,0.23923,93103,2842,0,69,1
602.gcc_s-1850B,pythia_MTPS150,0.24928,90194,2455,0,94,1
602.gcc_s-1850B,nopref_MTPS300,0.2391,89028,88949,6,73,1
602.gcc_s-1850B,spp_MTPS300,0.33469,90135,6497,5,2,1
602.gcc_s-1850B,bingo_MTPS300,0.33621,92853,4496,6,24,1
602.gcc_s-1850B,mlop_MTPS300,0.34713,93055,2803,0,35,1
602.gcc_s-1850B,pythia_MTPS300,0.34916,90198,2457,0,94,1
602.gcc_s-1850B,nopref_MTPS600,0.23941,89028,88949,6,73,1
602.gcc_s-1850B,spp_MTPS600,0.35319,90148,3627,5,9,1
602.gcc_s-1850B,bingo_MTPS600,0.36548,92858,4391,6,22,1
602.gcc_s-1850B,mlop_MTPS600,0.37223,92981,2797,0,13,1
602.gcc_s-1850B,pythia_MTPS600,0.37115,90210,2455,0,93,1
602.gcc_s-1850B,nopref_MTPS1200,0.23953,89028,88949,6,73,1
602.gcc_s-1850B,spp_MTPS1200,0.3555,90142,3577,5,10,1
602.gcc_s-1850B,bingo_MTPS1200,0.37298,92871,4358,6,21,1
602.gcc_s-1850B,mlop_MTPS1200,0.37835,92988,2789,0,9,1
602.gcc_s-1850B,pythia_MTPS1200,0.37611,90191,2454,0,95,1
602.gcc_s-1850B,nopref_MTPS4800,0.23961,89028,88949,6,73,1
602.gcc_s-1850B,spp_MTPS4800,0.35573,90142,3577,5,10,1
602.gcc_s-1850B,bingo_MTPS4800,0.37392,92909,4350,6,21,1
602.gcc_s-1850B,mlop_MTPS4800,0.37942,92985,2789,0,7,1
602.gcc_s-1850B,pythia_MTPS4800,0.37616,90197,2459,0,94,1
602.gcc_s-1850B,nopref_MTPS9600,0.23961,89028,88949,6,73,1
602.gcc_s-1850B,spp_MTPS9600,0.35573,90142,3576,5,10,1
602.gcc_s-1850B,bingo_MTPS9600,0.37393,92911,4350,6,21,1
602.gcc_s-1850B,mlop_MTPS9600,0.37944,92984,2789,0,7,1
602.gcc_s-1850B,pythia_MTPS9600,0.37616,90197,2459,0,94,1
602.gcc_s-734B,nopref,0.36323,40219,40219,0,0,1
602.gcc_s-734B,spp,0.43023,41736,2018,0,7,1
602.gcc_s-734B,bingo,0.43225,42713,2546,0,10,1
602.gcc_s-734B,mlop,0.43701,46358,1141,0,1,1
602.gcc_s-734B,pythia,0.43602,41523,1409,0,0,1
602.gcc_s-734B,nopref_MTPS150,0.36112,40219,40219,0,0,1
602.gcc_s-734B,spp_MTPS150,0.41615,41722,2136,0,7,1
602.gcc_s-734B,bingo_MTPS150,0.39793,42609,2569,0,12,1
602.gcc_s-734B,mlop_MTPS150,0.39299,46163,1147,0,1,1
602.gcc_s-734B,pythia_MTPS150,0.42939,41523,1405,0,2,1
602.gcc_s-734B,nopref_MTPS300,0.36286,40219,40219,0,0,1
602.gcc_s-734B,spp_MTPS300,0.4275,41739,2029,0,7,1
602.gcc_s-734B,bingo_MTPS300,0.42263,42679,2558,0,10,1
602.gcc_s-734B,mlop_MTPS300,0.41997,46223,1147,0,1,1
602.gcc_s-734B,pythia_MTPS300,0.43487,41523,1406,0,0,1
602.gcc_s-734B,nopref_MTPS600,0.36315,40219,40219,0,0,1
602.gcc_s-734B,spp_MTPS600,0.42964,41740,2023,0,7,1
602.gcc_s-734B,bingo_MTPS600,0.42991,42697,2547,0,10,1
602.gcc_s-734B,mlop_MTPS600,0.43086,46285,1143,0,1,1
602.gcc_s-734B,pythia_MTPS600,0.43582,41524,1407,0,0,1
602.gcc_s-734B,nopref_MTPS1200,0.36322,40219,40219,0,0,1
602.gcc_s-734B,spp_MTPS1200,0.43014,41738,2018,0,7,1
602.gcc_s-734B,bingo_MTPS1200,0.43189,42702,2547,0,10,1
602.gcc_s-734B,mlop_MTPS1200,0.43544,46334,1141,0,1,1
602.gcc_s-734B,pythia_MTPS1200,0.43597,41523,1409,0,0,1
602.gcc_s-734B,nopref_MTPS4800,0.36324,40219,40219,0,0,1
602.gcc_s-734B,spp_MTPS4800,0.43025,41736,2018,0,7,1
602.gcc_s-734B,bingo_MTPS4800,0.43232,42722,2546,0,10,1
602.gcc_s-734B,mlop_MTPS4800,0.43732,46397,1141,0,1,1
602.gcc_s-734B,pythia_MTPS4800,0.43604,41523,1409,0,0,1
602.gcc_s-734B,nopref_MTPS9600,0.36324,40219,40219,0,0,1
602.gcc_s-734B,spp_MTPS9600,0.43026,41736,2018,0,7,1
602.gcc_s-734B,bingo_MTPS9600,0.43233,42722,2546,0,10,1
602.gcc_s-734B,mlop_MTPS9600,0.43736,46400,1140,0,1,1
602.gcc_s-734B,pythia_MTPS9600,0.43604,41523,1409,0,0,1
603.bwaves_s-2931B,nopref,0.75472,88223,38416,29770,20037,1
603.bwaves_s-2931B,spp,1.32152,88147,1030,29770,20095,1
603.bwaves_s-2931B,bingo,1.30935,92464,1925,29770,20239,1
603.bwaves_s-2931B,mlop,1.34893,89335,1091,29766,20175,1
603.bwaves_s-2931B,pythia,1.4099,88365,670,29770,20133,1
603.bwaves_s-2931B,nopref_MTPS150,0.27435,88260,38416,29767,20077,1
603.bwaves_s-2931B,spp_MTPS150,0.24978,88080,1312,29755,20040,1
603.bwaves_s-2931B,bingo_MTPS150,0.26195,91642,3061,29763,20124,1
603.bwaves_s-2931B,mlop_MTPS150,0.2512,89448,1424,29762,20125,1
603.bwaves_s-2931B,pythia_MTPS150,0.27591,88232,826,29756,20028,1
603.bwaves_s-2931B,nopref_MTPS300,0.49159,88221,38416,29770,20035,1
603.bwaves_s-2931B,spp_MTPS300,0.48745,88100,1181,29763,20046,1
603.bwaves_s-2931B,bingo_MTPS300,0.51094,91849,2905,29767,20129,1
603.bwaves_s-2931B,mlop_MTPS300,0.49161,89392,1293,29763,20130,1
603.bwaves_s-2931B,pythia_MTPS300,0.54193,88256,723,29764,20043,1
603.bwaves_s-2931B,nopref_MTPS600,0.70654,88222,38416,29770,20036,1
603.bwaves_s-2931B,spp_MTPS600,0.89186,88110,1128,29765,20056,1
603.bwaves_s-2931B,bingo_MTPS600,0.90229,92256,2378,29763,20198,1
603.bwaves_s-2931B,mlop_MTPS600,0.8993,89313,1179,29763,20146,1
603.bwaves_s-2931B,pythia_MTPS600,1.00443,88277,686,29766,20058,1
603.bwaves_s-2931B,nopref_MTPS1200,0.75047,88222,38416,29770,20036,1
603.bwaves_s-2931B,spp_MTPS1200,1.25463,88127,1089,29765,20064,1
603.bwaves_s-2931B,bingo_MTPS1200,1.22376,92396,2061,29770,20205,1
603.bwaves_s-2931B,mlop_MTPS1200,1.2638,89201,1070,29763,20173,1
603.bwaves_s-2931B,pythia_MTPS1200,1.38432,88329,673,29770,20099,1
603.bwaves_s-2931B,nopref_MTPS4800,0.756,88223,38416,29770,20037,1
603.bwaves_s-2931B,spp_MTPS4800,1.32433,88156,1011,29770,20106,1
603.bwaves_s-2931B,bingo_MTPS4800,1.33321,92537,1873,29770,20251,1
603.bwaves_s-2931B,mlop_MTPS4800,1.35942,89363,1092,29767,20197,1
603.bwaves_s-2931B,pythia_MTPS4800,1.41014,88351,669,29770,20121,1
603.bwaves_s-2931B,nopref_MTPS9600,0.75624,88223,38416,29770,20037,1
603.bwaves_s-2931B,spp_MTPS9600,1.32762,88156,1007,29770,20107,1
603.bwaves_s-2931B,bingo_MTPS9600,1.33281,92519,1881,29770,20250,1
603.bwaves_s-2931B,mlop_MTPS9600,1.36047,89342,1082,29767,20197,1
603.bwaves_s-2931B,pythia_MTPS9600,1.4103,88355,669,29770,20124,1
605.mcf_s-994B,nopref,0.31325,50335,49551,23,761,1
605.mcf_s-994B,spp,0.32046,60300,42964,50,4,1
605.mcf_s-994B,bingo,0.26075,519212,57112,156,3022,1
605.mcf_s-994B,mlop,0.31225,74149,45005,63,393,1
605.mcf_s-994B,pythia,0.31236,82987,39771,24,1330,1
605.mcf_s-994B,nopref_MTPS150,0.23482,50339,49548,24,767,1
605.mcf_s-994B,spp_MTPS150,0.22015,63086,46839,43,4,1
605.mcf_s-994B,bingo_MTPS150,0.04508,503393,57125,125,2972,1
605.mcf_s-994B,mlop_MTPS150,0.19114,76188,49111,57,385,1
605.mcf_s-994B,pythia_MTPS150,0.20014,79767,39622,22,1335,1
605.mcf_s-994B,nopref_MTPS300,0.28777,50329,49538,24,767,1
605.mcf_s-994B,spp_MTPS300,0.28221,62413,46333,43,3,1
605.mcf_s-994B,bingo_MTPS300,0.08439,508901,57093,143,3022,1
605.mcf_s-994B,mlop_MTPS300,0.26147,75937,48689,56,385,1
605.mcf_s-994B,pythia_MTPS300,0.26974,77203,39606,22,1264,1
605.mcf_s-994B,nopref_MTPS600,0.30756,50336,49553,23,760,1
605.mcf_s-994B,spp_MTPS600,0.31053,61665,44916,46,3,1
605.mcf_s-994B,bingo_MTPS600,0.14571,513687,57158,149,3012,1
605.mcf_s-994B,mlop_MTPS600,0.29873,75391,47675,58,386,1
605.mcf_s-994B,pythia_MTPS600,0.30097,78868,39604,23,1315,1
605.mcf_s-994B,nopref_MTPS1200,0.31222,50332,49548,23,761,1
605.mcf_s-994B,spp_MTPS1200,0.31895,60680,43231,47,3,1
605.mcf_s-994B,bingo_MTPS1200,0.21891,517908,57199,163,2964,1
605.mcf_s-994B,mlop_MTPS1200,0.3102,74424,45544,62,393,1
605.mcf_s-994B,pythia_MTPS1200,0.31091,79357,39665,24,1303,1
605.mcf_s-994B,nopref_MTPS4800,0.31365,50335,49551,23,761,1
605.mcf_s-994B,spp_MTPS4800,0.321,60212,42856,50,4,1
605.mcf_s-994B,bingo_MTPS4800,0.27144,519713,57175,152,2996,1
605.mcf_s-994B,mlop_MTPS4800,0.31286,74057,44845,62,394,1
605.mcf_s-994B,pythia_MTPS4800,0.31005,99266,40669,29,1620,1
605.mcf_s-994B,nopref_MTPS9600,0.31376,50335,49551,23,761,1
605.mcf_s-994B,spp_MTPS9600,0.32111,60189,42826,51,4,1
605.mcf_s-994B,bingo_MTPS9600,0.27236,519658,57160,168,3004,1
605.mcf_s-994B,mlop_MTPS9600,0.313,74020,44825,62,394,1
605.mcf_s-994B,pythia_MTPS9600,0.31006,98770,40749,31,1553,1
607.cactuBSSN_s-2421B,nopref,1.00649,13048,10123,2925,0,1
607.cactuBSSN_s-2421B,spp,1.09851,13035,1438,2925,0,1
607.cactuBSSN_s-2421B,bingo,1.02747,13061,8646,2925,0,1
607.cactuBSSN_s-2421B,mlop,1.13587,13078,214,2925,0,1
607.cactuBSSN_s-2421B,pythia,1.13038,12364,329,2925,0,1
607.cactuBSSN_s-2421B,nopref_MTPS150,0.78414,13048,10123,2925,0,1
607.cactuBSSN_s-2421B,spp_MTPS150,0.8979,13051,1653,2925,0,1
607.cactuBSSN_s-2421B,bingo_MTPS150,0.80385,13068,8640,2925,0,1
607.cactuBSSN_s-2421B,mlop_MTPS150,0.96594,13077,216,2925,0,1
607.cactuBSSN_s-2421B,pythia_MTPS150,1.02583,12648,317,2925,0,1
607.cactuBSSN_s-2421B,nopref_MTPS300,0.9212,13048,10123,2925,0,1
607.cactuBSSN_s-2421B,spp_MTPS300,1.02681,13063,1553,2925,0,1
607.cactuBSSN_s-2421B,bingo_MTPS300,0.93902,13063,8635,2925,0,1
607.cactuBSSN_s-2421B,mlop_MTPS300,1.08882,13078,214,2925,0,1
607.cactuBSSN_s-2421B,pythia_MTPS300,1.10294,12685,330,2925,0,1
607.cactuBSSN_s-2421B,nopref_MTPS600,0.98612,13048,10123,2925,0,1
607.cactuBSSN_s-2421B,spp_MTPS600,1.08303,13071,1530,2925,0,1
607.cactuBSSN_s-2421B,bingo_MTPS600,1.00571,13060,8642,2925,0,1
607.cactuBSSN_s-2421B,mlop_MTPS600,1.13036,13078,214,2925,0,1
607.cactuBSSN_s-2421B,pythia_MTPS600,1.12779,12614,331,2925,0,1
607.cactuBSSN_s-2421B,nopref_MTPS1200,1.00199,13048,10123,2925,0,1
607.cactuBSSN_s-2421B,spp_MTPS1200,1.09468,13045,1548,2925,0,1
607.cactuBSSN_s-2421B,bingo_MTPS1200,1.02268,13061,8645,2925,0,1
607.cactuBSSN_s-2421B,mlop_MTPS1200,1.13503,13078,214,2925,0,1
607.cactuBSSN_s-2421B,pythia_MTPS1200,1.13009,12531,338,2925,0,1
607.cactuBSSN_s-2421B,nopref_MTPS4800,1.00728,13048,10123,2925,0,1
607.cactuBSSN_s-2421B,spp_MTPS4800,1.09856,13055,1466,2925,0,1
607.cactuBSSN_s-2421B,bingo_MTPS4800,1.02851,13061,8649,2925,0,1
607.cactuBSSN_s-2421B,mlop_MTPS4800,1.13597,13078,214,2925,0,1
607.cactuBSSN_s-2421B,pythia_MTPS4800,1.13024,12269,340,2925,0,1
607.cactuBSSN_s-2421B,nopref_MTPS9600,1.00754,13048,10123,2925,0,1
607.cactuBSSN_s-2421B,spp_MTPS9600,1.09865,13052,1467,2925,0,1
607.cactuBSSN_s-2421B,bingo_MTPS9600,1.02876,13061,8652,2925,0,1
607.cactuBSSN_s-2421B,mlop_MTPS9600,1.13599,13078,214,2925,0,1
607.cactuBSSN_s-2421B,pythia_MTPS9600,1.13037,12257,333,2925,0,1
619.lbm_s-2677B,nopref,0.36355,358976,57719,174361,126896,1
619.lbm_s-2677B,spp,0.41995,359527,7876,174441,127356,1
619.lbm_s-2677B,bingo,0.43826,358914,2662,174352,126833,1
619.lbm_s-2677B,mlop,0.43165,359064,2867,174380,126954,1
619.lbm_s-2677B,pythia,0.42332,358984,4164,174346,126907,1
619.lbm_s-2677B,nopref_MTPS150,0.05752,358908,57719,174356,126833,1
619.lbm_s-2677B,spp_MTPS150,0.05706,359208,7328,174386,127095,1
619.lbm_s-2677B,bingo_MTPS150,0.05809,358807,1812,174311,126767,1
619.lbm_s-2677B,mlop_MTPS150,0.05764,359048,2736,174372,126948,1
619.lbm_s-2677B,pythia_MTPS150,0.05764,358840,3877,174349,126761,1
619.lbm_s-2677B,nopref_MTPS300,0.10998,358911,57719,174361,126831,1
619.lbm_s-2677B,spp_MTPS300,0.10896,359292,7302,174398,127166,1
619.lbm_s-2677B,bingo_MTPS300,0.11095,358819,1836,174320,126770,1
619.lbm_s-2677B,mlop_MTPS300,0.10991,358942,2737,174355,126852,1
619.lbm_s-2677B,pythia_MTPS300,0.11015,358941,3876,174352,126863,1
619.lbm_s-2677B,nopref_MTPS600,0.19179,358923,57719,174345,126859,1
619.lbm_s-2677B,spp_MTPS600,0.1901,359140,7945,174366,127049,1
619.lbm_s-2677B,bingo_MTPS600,0.19411,358931,2203,174339,126863,1
619.lbm_s-2677B,mlop_MTPS600,0.19164,359056,2753,174348,126976,1
619.lbm_s-2677B,pythia_MTPS600,0.19236,358916,3911,174344,126847,1
619.lbm_s-2677B,nopref_MTPS1200,0.29145,358921,57719,174357,126845,1
619.lbm_s-2677B,spp_MTPS1200,0.30643,359283,8604,174407,127150,1
619.lbm_s-2677B,bingo_MTPS1200,0.3165,358915,2546,174343,126843,1
619.lbm_s-2677B,mlop_MTPS1200,0.31145,359032,2826,174363,126936,1
619.lbm_s-2677B,pythia_MTPS1200,0.31051,358973,4005,174345,126897,1
619.lbm_s-2677B,nopref_MTPS4800,0.40069,358974,57719,174352,126903,1
619.lbm_s-2677B,spp_MTPS4800,0.4775,359359,8472,174424,127206,1
619.lbm_s-2677B,bingo_MTPS4800,0.5013,359078,3345,174372,126977,1
619.lbm_s-2677B,mlop_MTPS4800,0.4966,359051,3014,174352,126972,1
619.lbm_s-2677B,pythia_MTPS4800,0.47876,358941,4613,174336,126876,1
619.lbm_s-2677B,nopref_MTPS9600,0.41039,358979,57719,174367,126893,1
619.lbm_s-2677B,spp_MTPS9600,0.49145,359399,8544,174414,127255,1
619.lbm_s-2677B,bingo_MTPS9600,0.51783,358957,3392,174345,126883,1
619.lbm_s-2677B,mlop_MTPS9600,0.51191,359136,3021,174379,127030,1
619.lbm_s-2677B,pythia_MTPS9600,0.49356,358943,4897,174343,126870,1
619.lbm_s-3766B,nopref,0.70356,159050,26728,80407,51915,1
619.lbm_s-3766B,spp,0.92048,159328,2454,80417,52186,1
619.lbm_s-3766B,bingo,1.02069,159041,1188,80420,51901,1
619.lbm_s-3766B,mlop,0.9651,159106,1252,80400,51988,1
619.lbm_s-3766B,pythia,0.98594,158988,1695,80398,51865,1
619.lbm_s-3766B,nopref_MTPS150,0.13447,159036,26728,80407,51901,1
619.lbm_s-3766B,spp_MTPS150,0.12796,159246,2611,80404,52116,1
619.lbm_s-3766B,bingo_MTPS150,0.1354,159108,835,80411,51977,1
619.lbm_s-3766B,mlop_MTPS150,0.13093,159171,1252,80408,52046,1
619.lbm_s-3766B,pythia_MTPS150,0.13529,159073,1640,80412,51936,1
619.lbm_s-3766B,nopref_MTPS300,0.25634,159047,26728,80409,51910,1
619.lbm_s-3766B,spp_MTPS300,0.24488,159265,2594,80408,52132,1
619.lbm_s-3766B,bingo_MTPS300,0.25966,159099,842,80411,51968,1
619.lbm_s-3766B,mlop_MTPS300,0.25037,159243,1252,80406,52120,1
619.lbm_s-3766B,pythia_MTPS300,0.25967,159094,1639,80406,51963,1
619.lbm_s-3766B,nopref_MTPS600,0.44471,159048,26728,80407,51913,1
619.lbm_s-3766B,spp_MTPS600,0.42944,159163,2610,80382,52056,1
619.lbm_s-3766B,bingo_MTPS600,0.45942,159086,955,80415,51951,1
619.lbm_s-3766B,mlop_MTPS600,0.43793,159168,1252,80403,52048,1
619.lbm_s-3766B,pythia_MTPS600,0.4586,159071,1655,80402,51944,1
619.lbm_s-3766B,nopref_MTPS1200,0.61819,159044,26728,80407,51909,1
619.lbm_s-3766B,spp_MTPS1200,0.68984,159230,2453,80404,52102,1
619.lbm_s-3766B,bingo_MTPS1200,0.75074,159076,1138,80421,51935,1
619.lbm_s-3766B,mlop_MTPS1200,0.71049,159190,1252,80412,52060,1
619.lbm_s-3766B,pythia_MTPS1200,0.74266,159077,1692,80411,51941,1
619.lbm_s-3766B,nopref_MTPS4800,0.75097,159048,26728,80407,51913,1
619.lbm_s-3766B,spp_MTPS4800,1.02994,159280,2502,80413,52140,1
619.lbm_s-3766B,bingo_MTPS4800,1.14678,159081,1273,80408,51953,1
619.lbm_s-3766B,mlop_MTPS4800,1.09199,159189,1252,80409,52063,1
619.lbm_s-3766B,pythia_MTPS4800,1.09303,158980,1723,80402,51852,1
619.lbm_s-3766B,nopref_MTPS9600,0.76235,159047,26728,80407,51912,1
619.lbm_s-3766B,spp_MTPS9600,1.05262,159279,2462,80408,52145,1
619.lbm_s-3766B,bingo_MTPS9600,1.17512,159001,1260,80400,51881,1
619.lbm_s-3766B,mlop_MTPS9600,1.12614,159155,1252,80416,52022,1
619.lbm_s-3766B,pythia_MTPS9600,1.12032,158909,1720,80392,51792,1
619.lbm_s-4268B,nopref,0.3743,348408,56245,169707,122456,1
619.lbm_s-4268B,spp,0.43122,348808,7680,169695,122852,1
619.lbm_s-4268B,bingo,0.45384,348289,2596,169669,122368,1
619.lbm_s-4268B,mlop,0.4465,348482,2788,169685,122546,1
619.lbm_s-4268B,pythia,0.43787,348082,4067,169626,122206,1
619.lbm_s-4268B,nopref_MTPS150,0.05928,348335,56245,169686,122404,1
619.lbm_s-4268B,spp_MTPS150,0.05864,348898,6978,169719,122908,1
619.lbm_s-4268B,bingo_MTPS150,0.0598,348149,1758,169623,122274,1
619.lbm_s-4268B,mlop_MTPS150,0.05928,348288,2657,169666,122371,1
619.lbm_s-4268B,pythia_MTPS150,0.05941,348166,3768,169636,122276,1
619.lbm_s-4268B,nopref_MTPS300,0.11337,348400,56245,169702,122453,1
619.lbm_s-4268B,spp_MTPS300,0.11194,348893,7233,169721,122898,1
619.lbm_s-4268B,bingo_MTPS300,0.11419,348305,1782,169665,122388,1
619.lbm_s-4268B,mlop_MTPS300,0.11313,348466,2658,169666,122549,1
619.lbm_s-4268B,pythia_MTPS300,0.11352,348046,3790,169647,122147,1
619.lbm_s-4268B,nopref_MTPS600,0.19817,348369,56245,169705,122419,1
619.lbm_s-4268B,spp_MTPS600,0.19513,349012,7629,169729,123024,1
619.lbm_s-4268B,bingo_MTPS600,0.19989,348278,2145,169661,122365,1
619.lbm_s-4268B,mlop_MTPS600,0.19722,348371,2679,169646,122473,1
619.lbm_s-4268B,pythia_MTPS600,0.19829,347922,3829,169644,122026,1
619.lbm_s-4268B,nopref_MTPS1200,0.30044,348423,56245,169711,122467,1
619.lbm_s-4268B,spp_MTPS1200,0.31437,348880,8385,169699,122927,1
619.lbm_s-4268B,bingo_MTPS1200,0.32619,348247,2467,169651,122344,1
619.lbm_s-4268B,mlop_MTPS1200,0.32066,348444,2740,169679,122514,1
619.lbm_s-4268B,pythia_MTPS1200,0.31994,348019,3912,169662,122104,1
619.lbm_s-4268B,nopref_MTPS4800,0.41289,348414,56245,169702,122467,1
619.lbm_s-4268B,spp_MTPS4800,0.49164,348950,8331,169700,122993,1
619.lbm_s-4268B,bingo_MTPS4800,0.52006,348303,3213,169655,122396,1
619.lbm_s-4268B,mlop_MTPS4800,0.51348,348420,2932,169670,122498,1
619.lbm_s-4268B,pythia_MTPS4800,0.49741,348134,4510,169650,122232,1
619.lbm_s-4268B,nopref_MTPS9600,0.42248,348454,56245,169709,122500,1
619.lbm_s-4268B,spp_MTPS9600,0.50411,348928,8500,169693,122969,1
619.lbm_s-4268B,bingo_MTPS9600,0.53708,348195,3325,169652,122291,1
619.lbm_s-4268B,mlop_MTPS9600,0.53121,348380,2978,169680,122447,1
619.lbm_s-4268B,pythia_MTPS9600,0.51156,348197,4839,169675,122268,1
620.omnetpp_s-141B,nopref,0.23119,58579,46641,6455,5483,1
620.omnetpp_s-141B,spp,0.23192,63535,44431,6411,5339,1
620.omnetpp_s-141B,bingo,0.24231,129340,27356,5437,6282,1
620.omnetpp_s-141B,mlop,0.23668,95222,37144,5274,7026,1
620.omnetpp_s-141B,pythia,0.23779,88864,35922,5404,7768,1
620.omnetpp_s-141B,nopref_MTPS150,0.20339,58572,46622,6467,5483,1
620.omnetpp_s-141B,spp_MTPS150,0.19979,63640,44798,6460,5500,1
620.omnetpp_s-141B,bingo_MTPS150,0.13829,129288,28987,5612,6399,1
620.omnetpp_s-141B,mlop_MTPS150,0.17188,96332,39197,5448,7208,1
620.omnetpp_s-141B,pythia_MTPS150,0.18295,90814,36150,5564,7994,1
620.omnetpp_s-141B,nopref_MTPS300,0.22389,58565,46640,6453,5472,1
620.omnetpp_s-141B,spp_MTPS300,0.22388,63501,44603,6432,5319,1
620.omnetpp_s-141B,bingo_MTPS300,0.19623,129225,28414,5489,6334,1
620.omnetpp_s-141B,mlop_MTPS300,0.21887,95154,38205,5328,7050,1
620.omnetpp_s-141B,pythia_MTPS300,0.22352,90513,36083,5569,7738,1
620.omnetpp_s-141B,nopref_MTPS600,0.22919,58579,46642,6454,5483,1
620.omnetpp_s-141B,spp_MTPS600,0.22985,63551,44438,6424,5325,1
620.omnetpp_s-141B,bingo_MTPS600,0.22711,129242,27967,5444,6353,1
620.omnetpp_s-141B,mlop_MTPS600,0.23307,95205,37362,5291,6995,1
620.omnetpp_s-141B,pythia_MTPS600,0.23468,90069,36064,5573,7824,1
620.omnetpp_s-141B,nopref_MTPS1200,0.23072,58579,46642,6454,5483,1
620.omnetpp_s-141B,spp_MTPS1200,0.23145,63535,44432,6411,5339,1
620.omnetpp_s-141B,bingo_MTPS1200,0.23911,129476,27649,5425,6340,1
620.omnetpp_s-141B,mlop_MTPS1200,0.23604,95555,37128,5266,6909,1
620.omnetpp_s-141B,pythia_MTPS1200,0.23716,89005,36029,5443,7762,1
620.omnetpp_s-141B,nopref_MTPS4800,0.23142,58579,46641,6455,5483,1
620.omnetpp_s-141B,spp_MTPS4800,0.23215,63533,44431,6411,5339,1
620.omnetpp_s-141B,bingo_MTPS4800,0.24297,129352,27181,5462,6230,1
620.omnetpp_s-141B,mlop_MTPS4800,0.23694,95225,37143,5270,7028,1
620.omnetpp_s-141B,pythia_MTPS4800,0.23818,89005,35901,5374,7940,1
620.omnetpp_s-141B,nopref_MTPS9600,0.23148,58570,46702,6394,5474,1
620.omnetpp_s-141B,spp_MTPS9600,0.23223,63561,44492,6344,5333,1
620.omnetpp_s-141B,bingo_MTPS9600,0.24308,129566,27269,5367,6227,1
620.omnetpp_s-141B,mlop_MTPS9600,0.23702,95319,37209,5179,7016,1
620.omnetpp_s-141B,pythia_MTPS9600,0.23825,88989,36028,5307,7751,1
620.omnetpp_s-874B,nopref,0.24354,47861,41750,4249,1862,1
620.omnetpp_s-874B,spp,0.24472,52585,39588,4319,1623,1
620.omnetpp_s-874B,bingo,0.25565,107642,23586,4186,2688,1
620.omnetpp_s-874B,mlop,0.24964,87843,32742,3726,2699,1
620.omnetpp_s-874B,pythia,0.2509,75590,31314,3580,3130,1
620.omnetpp_s-874B,nopref_MTPS150,0.21677,47811,41749,4251,1811,1
620.omnetpp_s-874B,spp_MTPS150,0.21296,52762,39838,4309,1786,1
620.omnetpp_s-874B,bingo_MTPS150,0.15444,107750,24859,4463,2731,1
620.omnetpp_s-874B,mlop_MTPS150,0.17659,88393,34643,3859,2840,1
620.omnetpp_s-874B,pythia_MTPS150,0.19501,76657,31094,3695,3041,1
620.omnetpp_s-874B,nopref_MTPS300,0.23645,47831,41751,4248,1832,1
620.omnetpp_s-874B,spp_MTPS300,0.23656,52592,39749,4318,1627,1
620.omnetpp_s-874B,bingo_MTPS300,0.21177,107600,24322,4273,2647,1
620.omnetpp_s-874B,mlop_MTPS300,0.22831,88326,33874,3759,2862,1
620.omnetpp_s-874B,pythia_MTPS300,0.23547,77009,31273,3737,3123,1
620.omnetpp_s-874B,nopref_MTPS600,0.24162,47843,41749,4248,1846,1
620.omnetpp_s-874B,spp_MTPS600,0.24266,52591,39601,4317,1624,1
620.omnetpp_s-874B,bingo_MTPS600,0.24104,107706,23941,4202,2733,1
620.omnetpp_s-874B,mlop_MTPS600,0.24558,87820,33035,3716,2705,1
620.omnetpp_s-874B,pythia_MTPS600,0.24764,76205,31154,3677,3026,1
620.omnetpp_s-874B,nopref_MTPS1200,0.24308,47843,41746,4248,1849,1
620.omnetpp_s-874B,spp_MTPS1200,0.24426,52593,39595,4319,1626,1
620.omnetpp_s-874B,bingo_MTPS1200,0.25269,107632,23771,4190,2653,1
620.omnetpp_s-874B,mlop_MTPS1200,0.24899,87850,32796,3735,2708,1
620.omnetpp_s-874B,pythia_MTPS1200,0.25025,75561,31284,3589,2838,1
620.omnetpp_s-874B,nopref_MTPS4800,0.24374,47842,41749,4249,1844,1
620.omnetpp_s-874B,spp_MTPS4800,0.24494,52585,39585,4319,1623,1
620.omnetpp_s-874B,bingo_MTPS4800,0.25629,107630,23415,4199,2662,1
620.omnetpp_s-874B,mlop_MTPS4800,0.24997,87835,32739,3725,2698,1
620.omnetpp_s-874B,pythia_MTPS4800,0.25105,75362,31420,3491,2960,1
620.omnetpp_s-874B,nopref_MTPS9600,0.24381,47842,41749,4249,1844,1
620.omnetpp_s-874B,spp_MTPS9600,0.24501,52585,39585,4319,1623,1
620.omnetpp_s-874B,bingo_MTPS9600,0.2564,107634,23418,4196,2662,1
620.omnetpp_s-874B,mlop_MTPS9600,0.25005,87838,32744,3722,2699,1
620.omnetpp_s-874B,pythia_MTPS9600,0.25111,75304,31381,3484,2927,1
621.wrf_s-6673B,nopref,0.54198,45287,45233,6,48,1
621.wrf_s-6673B,spp,0.73629,47403,2683,6,187,1
621.wrf_s-6673B,bingo,0.69073,55157,12804,6,9858,1
621.wrf_s-6673B,mlop,0.76064,48116,1298,5,323,1
621.wrf_s-6673B,pythia,0.74984,46542,1659,5,62,1
621.wrf_s-6673B,nopref_MTPS150,0.32104,45287,45233,6,48,1
621.wrf_s-6673B,spp_MTPS150,0.35796,47781,5779,6,849,1
621.wrf_s-6673B,bingo_MTPS150,0.34147,55232,13054,6,9914,1
621.wrf_s-6673B,mlop_MTPS150,0.3439,48525,1599,6,1329,1
621.wrf_s-6673B,pythia_MTPS150,0.37689,46540,1656,5,62,1
621.wrf_s-6673B,nopref_MTPS300,0.43287,45287,45233,6,48,1
621.wrf_s-6673B,spp_MTPS300,0.51245,47989,5102,6,861,1
621.wrf_s-6673B,bingo_MTPS300,0.48899,55242,13013,6,9935,1
621.wrf_s-6673B,mlop_MTPS300,0.49942,48331,1599,5,1170,1
621.wrf_s-6673B,pythia_MTPS300,0.53126,46544,1661,5,62,1
621.wrf_s-6673B,nopref_MTPS600,0.51615,45287,45233,6,48,1
621.wrf_s-6673B,spp_MTPS600,0.64738,47496,3857,6,651,1
621.wrf_s-6673B,bingo_MTPS600,0.61185,55247,12884,6,9942,1
621.wrf_s-6673B,mlop_MTPS600,0.63524,48242,1396,5,1157,1
621.wrf_s-6673B,pythia_MTPS600,0.65949,46542,1663,5,62,1
621.wrf_s-6673B,nopref_MTPS1200,0.53691,45287,45233,6,48,1
621.wrf_s-6673B,spp_MTPS1200,0.72316,47415,2808,6,216,1
621.wrf_s-6673B,bingo_MTPS1200,0.67147,55213,12817,6,9917,1
621.wrf_s-6673B,mlop_MTPS1200,0.73998,48139,1301,5,774,1
621.wrf_s-6673B,pythia_MTPS1200,0.73693,46542,1659,5,62,1
621.wrf_s-6673B,nopref_MTPS4800,0.544,45287,45233,6,48,1
621.wrf_s-6673B,spp_MTPS4800,0.73904,47402,2626,6,184,1
621.wrf_s-6673B,bingo_MTPS4800,0.69789,55236,12789,6,9941,1
621.wrf_s-6673B,mlop_MTPS4800,0.76386,48118,1293,5,304,1
621.wrf_s-6673B,pythia_MTPS4800,0.75302,46542,1662,5,62,1
621.wrf_s-6673B,nopref_MTPS9600,0.54457,45287,45233,6,48,1
621.wrf_s-6673B,spp_MTPS9600,0.73938,47403,2622,6,185,1
621.wrf_s-6673B,bingo_MTPS9600,0.69832,55215,12791,6,9920,1
621.wrf_s-6673B,mlop_MTPS9600,0.76425,48108,1294,5,292,1
621.wrf_s-6673B,pythia_MTPS9600,0.75333,46542,1663,5,62,1
621.wrf_s-8065B,nopref,0.27856,217693,175863,20458,21372,1
621.wrf_s-8065B,spp,0.52924,228597,23838,20804,8872,1
621.wrf_s-8065B,bingo,0.55376,229494,46225,19742,37067,1
621.wrf_s-8065B,mlop,0.558,253470,19003,19617,26491,1
621.wrf_s-8065B,pythia,0.55727,232599,15327,19503,21134,1
621.wrf_s-8065B,nopref_MTPS150,0.08155,217615,176065,20440,21110,1
621.wrf_s-8065B,spp_MTPS150,0.07233,228303,30985,20803,8982,1
621.wrf_s-8065B,bingo_MTPS150,0.08875,229775,47523,19786,37235,1
621.wrf_s-8065B,mlop_MTPS150,0.07375,257298,20139,19674,31730,1
621.wrf_s-8065B,pythia_MTPS150,0.07847,232119,14797,19502,21140,1
621.wrf_s-8065B,nopref_MTPS300,0.14944,217911,175963,20455,21493,1
621.wrf_s-8065B,spp_MTPS300,0.13938,228618,29421,20802,9184,1
621.wrf_s-8065B,bingo_MTPS300,0.17021,229834,47457,19777,37199,1
621.wrf_s-8065B,mlop_MTPS300,0.14264,256525,20159,19728,30992,1
621.wrf_s-8065B,pythia_MTPS300,0.1521,232103,15143,19503,20939,1
621.wrf_s-8065B,nopref_MTPS600,0.22296,217823,175973,20458,21392,1
621.wrf_s-8065B,spp_MTPS600,0.24751,228691,27016,20803,9194,1
621.wrf_s-8065B,bingo_MTPS600,0.29568,229608,47024,19754,37158,1
621.wrf_s-8065B,mlop_MTPS600,0.25519,256571,19403,19662,30976,1
621.wrf_s-8065B,pythia_MTPS600,0.27192,232535,15195,19505,21254,1
621.wrf_s-8065B,nopref_MTPS1200,0.26484,217810,175860,20465,21485,1
621.wrf_s-8065B,spp_MTPS1200,0.39727,228532,24843,20780,8916,1
621.wrf_s-8065B,bingo_MTPS1200,0.44679,229576,46496,19755,37223,1
621.wrf_s-8065B,mlop_MTPS1200,0.41545,256222,19244,19668,30448,1
621.wrf_s-8065B,pythia_MTPS1200,0.43196,232777,15213,19496,21439,1
621.wrf_s-8065B,nopref_MTPS4800,0.28329,217728,175895,20461,21372,1
621.wrf_s-8065B,spp_MTPS4800,0.59726,228505,23440,20786,8909,1
621.wrf_s-8065B,bingo_MTPS4800,0.60258,229500,46131,19750,37062,1
621.wrf_s-8065B,mlop_MTPS4800,0.63083,254091,18699,19714,26700,1
621.wrf_s-8065B,pythia_MTPS4800,0.61734,232209,15373,19498,20867,1
621.wrf_s-8065B,nopref_MTPS9600,0.28465,217698,175803,20463,21432,1
621.wrf_s-8065B,spp_MTPS9600,0.61146,228787,23672,20802,9093,1
621.wrf_s-8065B,bingo_MTPS9600,0.61078,229520,46106,19731,37027,1
621.wrf_s-8065B,mlop_MTPS9600,0.64782,253677,18738,19644,26326,1
621.wrf_s-8065B,pythia_MTPS9600,0.62801,232553,15423,19498,21146,1
623.xalancbmk_s-10B,nopref,0.31367,66684,65193,1277,214,1
623.xalancbmk_s-10B,spp,0.31995,92762,66477,1301,49,1
623.xalancbmk_s-10B,bingo,0.3229,400857,59288,1402,362,1
623.xalancbmk_s-10B,mlop,0.31833,142255,70361,1242,350,1
623.xalancbmk_s-10B,pythia,0.34405,114038,53036,1232,212,1
623.xalancbmk_s-10B,nopref_MTPS150,0.22239,66681,65190,1277,214,1
623.xalancbmk_s-10B,spp_MTPS150,0.19665,89087,65950,1279,239,1
623.xalancbmk_s-10B,bingo_MTPS150,0.05619,401054,61030,1409,341,1
623.xalancbmk_s-10B,mlop_MTPS150,0.15097,135431,72594,1236,359,1
623.xalancbmk_s-10B,pythia_MTPS150,0.17253,113973,53257,1233,210,1
623.xalancbmk_s-10B,nopref_MTPS300,0.28045,66684,65193,1277,214,1
623.xalancbmk_s-10B,spp_MTPS300,0.26731,90643,66126,1288,68,1
623.xalancbmk_s-10B,bingo_MTPS300,0.10581,401232,60949,1408,345,1
623.xalancbmk_s-10B,mlop_MTPS300,0.2338,136750,72012,1215,363,1
623.xalancbmk_s-10B,pythia_MTPS300,0.26012,113696,53134,1235,209,1
623.xalancbmk_s-10B,nopref_MTPS600,0.30435,66684,65193,1277,214,1
623.xalancbmk_s-10B,spp_MTPS600,0.30429,90843,65869,1303,58,1
623.xalancbmk_s-10B,bingo_MTPS600,0.18218,400962,60173,1402,338,1
623.xalancbmk_s-10B,mlop_MTPS600,0.29005,137488,70797,1244,372,1
623.xalancbmk_s-10B,pythia_MTPS600,0.31531,114038,53308,1231,217,1
623.xalancbmk_s-10B,nopref_MTPS1200,0.31144,66684,65193,1277,214,1
623.xalancbmk_s-10B,spp_MTPS1200,0.3176,92677,65791,1297,58,1
623.xalancbmk_s-10B,bingo_MTPS1200,0.26957,400804,59674,1409,351,1
623.xalancbmk_s-10B,mlop_MTPS1200,0.31296,138660,70481,1255,363,1
623.xalancbmk_s-10B,pythia_MTPS1200,0.33701,114100,53270,1233,217,1
623.xalancbmk_s-10B,nopref_MTPS4800,0.31468,66682,65191,1277,214,1
623.xalancbmk_s-10B,spp_MTPS4800,0.32107,91802,66112,1311,60,1
623.xalancbmk_s-10B,bingo_MTPS4800,0.34102,400798,59051,1408,360,1
623.xalancbmk_s-10B,mlop_MTPS4800,0.31947,143155,70337,1244,322,1
623.xalancbmk_s-10B,pythia_MTPS4800,0.3464,114427,53243,1230,211,1
623.xalancbmk_s-10B,nopref_MTPS9600,0.31497,66682,65191,1277,214,1
623.xalancbmk_s-10B,spp_MTPS9600,0.32159,91995,66097,1304,58,1
623.xalancbmk_s-10B,bingo_MTPS9600,0.34272,400862,59063,1411,361,1
623.xalancbmk_s-10B,mlop_MTPS9600,0.3199,143095,70315,1241,324,1
623.xalancbmk_s-10B,pythia_MTPS9600,0.34702,114489,53186,1233,209,1
623.xalancbmk_s-592B,nopref,0.51526,2171,1955,216,0,1
623.xalancbmk_s-592B,spp,0.51867,4778,1649,143,0,1
623.xalancbmk_s-592B,bingo,0.5305,5595,1174,184,0,1
623.xalancbmk_s-592B,mlop,0.52285,18405,735,212,0,1
623.xalancbmk_s-592B,pythia,0.50035,3739,976,175,0,1
623.xalancbmk_s-592B,nopref_MTPS150,0.51291,2171,1955,216,0,1
623.xalancbmk_s-592B,spp_MTPS150,0.51431,4784,1641,195,0,1
623.xalancbmk_s-592B,bingo_MTPS150,0.52452,5619,1176,184,0,1
623.xalancbmk_s-592B,mlop_MTPS150,0.48284,19398,742,215,0,1
623.xalancbmk_s-592B,pythia_MTPS150,0.49562,4243,985,186,0,1
623.xalancbmk_s-592B,nopref_MTPS300,0.5146,2171,1955,216,0,1
623.xalancbmk_s-592B,spp_MTPS300,0.51772,4778,1650,153,0,1
623.xalancbmk_s-592B,bingo_MTPS300,0.52872,5585,1173,184,0,1
623.xalancbmk_s-592B,mlop_MTPS300,0.51172,19433,740,212,0,1
623.xalancbmk_s-592B,pythia_MTPS300,0.49912,4141,979,159,0,1
623.xalancbmk_s-592B,nopref_MTPS600,0.51504,2171,1955,216,0,1
623.xalancbmk_s-592B,spp_MTPS600,0.51844,4778,1648,144,0,1
623.xalancbmk_s-592B,bingo_MTPS600,0.52995,5597,1174,184,0,1
623.xalancbmk_s-592B,mlop_MTPS600,0.51958,18401,735,212,0,1
623.xalancbmk_s-592B,pythia_MTPS600,0.50012,3751,977,176,0,1
623.xalancbmk_s-592B,nopref_MTPS1200,0.5152,2171,1955,216,0,1
623.xalancbmk_s-592B,spp_MTPS1200,0.51862,4778,1649,143,0,1
623.xalancbmk_s-592B,bingo_MTPS1200,0.53036,5595,1174,184,0,1
623.xalancbmk_s-592B,mlop_MTPS1200,0.52227,18405,735,212,0,1
623.xalancbmk_s-592B,pythia_MTPS1200,0.50037,3707,986,160,0,1
623.xalancbmk_s-592B,nopref_MTPS4800,0.51529,2171,1955,216,0,1
623.xalancbmk_s-592B,spp_MTPS4800,0.51869,4778,1649,143,0,1
623.xalancbmk_s-592B,bingo_MTPS4800,0.53053,5595,1174,184,0,1
623.xalancbmk_s-592B,mlop_MTPS4800,0.52297,18405,735,212,0,1
623.xalancbmk_s-592B,pythia_MTPS4800,0.50042,3712,973,166,0,1
623.xalancbmk_s-592B,nopref_MTPS9600,0.5153,2171,1955,216,0,1
623.xalancbmk_s-592B,spp_MTPS9600,0.51869,4778,1649,143,0,1
623.xalancbmk_s-592B,bingo_MTPS9600,0.53054,5595,1174,184,0,1
623.xalancbmk_s-592B,mlop_MTPS9600,0.52298,18405,735,212,0,1
623.xalancbmk_s-592B,pythia_MTPS9600,0.50046,3686,976,149,0,1
627.cam4_s-573B,nopref,0.65818,93805,1788,69048,22969,1
627.cam4_s-573B,spp,0.66588,94167,931,69034,22969,1
627.cam4_s-573B,bingo,0.65818,93805,1788,69048,22969,1
627.cam4_s-573B,mlop,0.66142,95507,1076,69003,22969,1
627.cam4_s-573B,pythia,0.6673,94459,879,69018,22969,1
627.cam4_s-573B,nopref_MTPS150,0.14775,93811,1788,69048,22975,1
627.cam4_s-573B,spp_MTPS150,0.14748,94174,1123,69034,22975,1
627.cam4_s-573B,bingo_MTPS150,0.14775,93811,1788,69048,22975,1
627.cam4_s-573B,mlop_MTPS150,0.14543,95512,1151,69003,22975,1
627.cam4_s-573B,pythia_MTPS150,0.14721,94459,865,69018,22975,1
627.cam4_s-573B,nopref_MTPS300,0.25644,93811,1788,69048,22975,1
627.cam4_s-573B,spp_MTPS300,0.25661,94175,1073,69034,22975,1
627.cam4_s-573B,bingo_MTPS300,0.25644,93811,1788,69048,22975,1
627.cam4_s-573B,mlop_MTPS300,0.25364,95509,1127,69003,22975,1
627.cam4_s-573B,pythia_MTPS300,0.25646,94462,872,69018,22975,1
627.cam4_s-573B,nopref_MTPS600,0.38746,93811,1788,69048,22975,1
627.cam4_s-573B,spp_MTPS600,0.38904,94174,997,69034,22975,1
627.cam4_s-573B,bingo_MTPS600,0.38746,93811,1788,69048,22975,1
627.cam4_s-573B,mlop_MTPS600,0.38518,95513,1100,69003,22975,1
627.cam4_s-573B,pythia_MTPS600,0.38929,94466,873,69018,22975,1
627.cam4_s-573B,nopref_MTPS1200,0.52274,93811,1788,69048,22975,1
627.cam4_s-573B,spp_MTPS1200,0.52666,94171,941,69034,22975,1
627.cam4_s-573B,bingo_MTPS1200,0.52274,93811,1788,69048,22975,1
627.cam4_s-573B,mlop_MTPS1200,0.52266,95513,1078,69003,22975,1
627.cam4_s-573B,pythia_MTPS1200,0.52771,94461,878,69018,22975,1
627.cam4_s-573B,nopref_MTPS4800,0.77986,93817,1788,69048,22981,1
627.cam4_s-573B,spp_MTPS4800,0.79164,94181,927,69034,22981,1
627.cam4_s-573B,bingo_MTPS4800,0.77986,93817,1788,69048,22981,1
627.cam4_s-573B,mlop_MTPS4800,0.78616,95520,1070,69003,22981,1
627.cam4_s-573B,pythia_MTPS4800,0.79373,94471,879,69018,22981,1
627.cam4_s-573B,nopref_MTPS9600,0.83799,93814,1788,69048,22978,1
627.cam4_s-573B,spp_MTPS9600,0.85157,94178,920,69034,22978,1
627.cam4_s-573B,bingo_MTPS9600,0.83799,93814,1788,69048,22978,1
627.cam4_s-573B,mlop_MTPS9600,0.84598,95516,1067,69003,22978,1
627.cam4_s-573B,pythia_MTPS9600,0.85444,94468,879,69018,22978,1
628.pop2_s-17B,nopref,0.95855,15708,14477,1231,0,1
628.pop2_s-17B,spp,1.14755,16454,1628,1203,15,1
628.pop2_s-17B,bingo,1.10718,16532,4702,1160,0,1
628.pop2_s-17B,mlop,1.17385,18705,602,1153,12,1
628.pop2_s-17B,pythia,1.20794,16085,739,1188,0,1
628.pop2_s-17B,nopref_MTPS150,0.721,15708,14477,1231,0,1
628.pop2_s-17B,spp_MTPS150,0.76905,16453,4113,1196,3,1
628.pop2_s-17B,bingo_MTPS150,0.7534,16527,6274,1160,0,1
628.pop2_s-17B,mlop_MTPS150,0.75511,18441,693,1146,14,1
628.pop2_s-17B,pythia_MTPS150,0.79262,16078,712,1188,0,1
628.pop2_s-17B,nopref_MTPS300,0.86613,15708,14477,1231,0,1
628.pop2_s-17B,spp_MTPS300,0.99152,16459,3281,1195,5,1
628.pop2_s-17B,bingo_MTPS300,0.94647,16526,5869,1160,0,1
628.pop2_s-17B,mlop_MTPS300,0.98532,18682,699,1142,10,1
628.pop2_s-17B,pythia_MTPS300,1.02764,16086,717,1188,0,1
628.pop2_s-17B,nopref_MTPS600,0.93251,15708,14477,1231,0,1
628.pop2_s-17B,spp_MTPS600,1.10936,16425,2244,1197,10,1
628.pop2_s-17B,bingo_MTPS600,1.05385,16526,5023,1160,0,1
628.pop2_s-17B,mlop_MTPS600,1.11417,18440,630,1146,6,1
628.pop2_s-17B,pythia_MTPS600,1.16048,16087,727,1188,0,1
628.pop2_s-17B,nopref_MTPS1200,0.95334,15708,14477,1231,0,1
628.pop2_s-17B,spp_MTPS1200,1.14228,16454,1735,1200,12,1
628.pop2_s-17B,bingo_MTPS1200,1.09443,16532,4743,1160,0,1
628.pop2_s-17B,mlop_MTPS1200,1.16162,18615,608,1150,10,1
628.pop2_s-17B,pythia_MTPS1200,1.20093,16085,737,1188,0,1
628.pop2_s-17B,nopref_MTPS4800,0.95986,15708,14477,1231,0,1
628.pop2_s-17B,spp_MTPS4800,1.14838,16455,1636,1203,15,1
628.pop2_s-17B,bingo_MTPS4800,1.11041,16532,4702,1160,0,1
628.pop2_s-17B,mlop_MTPS4800,1.17731,18711,596,1150,19,1
628.pop2_s-17B,pythia_MTPS4800,1.20887,16085,739,1188,0,1
628.pop2_s-17B,nopref_MTPS9600,0.96021,15708,14477,1231,0,1
628.pop2_s-17B,spp_MTPS9600,1.1484,16456,1646,1203,15,1
628.pop2_s-17B,bingo_MTPS9600,1.11069,16532,4702,1160,0,1
628.pop2_s-17B,mlop_MTPS9600,1.17744,18665,589,1149,10,1
628.pop2_s-17B,pythia_MTPS9600,1.20895,16085,742,1188,0,1
649.fotonik3d_s-10881B,nopref,0.40898,119880,79731,0,40149,1
649.fotonik3d_s-10881B,spp,0.49447,98158,31264,0,1133,1
649.fotonik3d_s-10881B,bingo,0.55154,127701,29580,0,29153,1
649.fotonik3d_s-10881B,mlop,0.58527,121572,15774,0,6019,1
649.fotonik3d_s-10881B,pythia,0.55073,170495,29333,0,44966,1
649.fotonik3d_s-10881B,nopref_MTPS150,0.18053,119851,79711,0,40140,1
649.fotonik3d_s-10881B,spp_MTPS150,0.16585,98267,31890,0,1388,1
649.fotonik3d_s-10881B,bingo_MTPS150,0.16402,127623,30386,0,29145,1
649.fotonik3d_s-10881B,mlop_MTPS150,0.14402,121643,16105,0,6168,1
649.fotonik3d_s-10881B,pythia_MTPS150,0.13989,170599,29333,0,44985,1
649.fotonik3d_s-10881B,nopref_MTPS300,0.30078,119850,79710,0,40140,1
649.fotonik3d_s-10881B,spp_MTPS300,0.30553,98246,31380,0,1313,1
649.fotonik3d_s-10881B,bingo_MTPS300,0.30403,127364,30081,0,28864,1
649.fotonik3d_s-10881B,mlop_MTPS300,0.27746,121678,15867,0,6105,1
649.fotonik3d_s-10881B,pythia_MTPS300,0.26843,170380,29313,0,44950,1
649.fotonik3d_s-10881B,nopref_MTPS600,0.38673,119881,79736,0,40145,1
649.fotonik3d_s-10881B,spp_MTPS600,0.44627,98042,31213,0,1245,1
649.fotonik3d_s-10881B,bingo_MTPS600,0.43913,127454,29764,0,28905,1
649.fotonik3d_s-10881B,mlop_MTPS600,0.46043,121553,15743,0,6043,1
649.fotonik3d_s-10881B,pythia_MTPS600,0.43286,170476,29342,0,44960,1
649.fotonik3d_s-10881B,nopref_MTPS1200,0.40492,119883,79734,0,40149,1
649.fotonik3d_s-10881B,spp_MTPS1200,0.48583,98190,31215,0,1184,1
649.fotonik3d_s-10881B,bingo_MTPS1200,0.52184,127558,29625,0,29016,1
649.fotonik3d_s-10881B,mlop_MTPS1200,0.5643,121589,15772,0,6031,1
649.fotonik3d_s-10881B,pythia_MTPS1200,0.52489,170504,29337,0,44966,1
649.fotonik3d_s-10881B,nopref_MTPS4800,0.40995,119880,79731,0,40149,1
649.fotonik3d_s-10881B,spp_MTPS4800,0.49715,98157,31177,0,1102,1
649.fotonik3d_s-10881B,bingo_MTPS4800,0.55884,127765,29531,0,29219,1
649.fotonik3d_s-10881B,mlop_MTPS4800,0.58939,121575,15776,0,6019,1
649.fotonik3d_s-10881B,pythia_MTPS4800,0.55665,170491,29331,0,44966,1
649.fotonik3d_s-10881B,nopref_MTPS9600,0.41014,119838,79709,0,40129,1
649.fotonik3d_s-10881B,spp_MTPS9600,0.49757,98156,31175,0,1102,1
649.fotonik3d_s-10881B,bingo_MTPS9600,0.5598,127741,29488,0,29193,1
649.fotonik3d_s-10881B,mlop_MTPS9600,0.59002,121575,15776,0,6019,1
649.fotonik3d_s-10881B,pythia_MTPS9600,0.55757,170489,29329,0,44966,1
654.roms_s-1007B,nopref,0.58448,6619,3986,2633,0,1
654.roms_s-1007B,spp,0.60375,6890,201,2633,0,1
654.roms_s-1007B,bingo,0.59038,6986,2667,2633,0,1
654.roms_s-1007B,mlop,0.60513,7210,137,2633,0,1
654.roms_s-1007B,pythia,0.60507,6754,138,2633,0,1
654.roms_s-1007B,nopref_MTPS150,0.58398,6619,3986,2633,0,1
654.roms_s-1007B,spp_MTPS150,0.59675,6892,476,2633,0,1
654.roms_s-1007B,bingo_MTPS150,0.58771,7013,2760,2633,0,1
654.roms_s-1007B,mlop_MTPS150,0.59749,7210,137,2633,0,1
654.roms_s-1007B,pythia_MTPS150,0.5975,6754,138,2633,0,1
654.roms_s-1007B,nopref_MTPS300,0.58434,6619,3986,2633,0,1
654.roms_s-1007B,spp_MTPS300,0.60341,6890,201,2633,0,1
654.roms_s-1007B,bingo_MTPS300,0.59004,6986,2667,2633,0,1
654.roms_s-1007B,mlop_MTPS300,0.60499,7210,137,2633,0,1
654.roms_s-1007B,pythia_MTPS300,0.60489,6754,138,2633,0,1
654.roms_s-1007B,nopref_MTPS600,0.58444,6619,3986,2633,0,1
654.roms_s-1007B,spp_MTPS600,0.6037,6890,201,2633,0,1
654.roms_s-1007B,bingo_MTPS600,0.59029,6986,2667,2633,0,1
654.roms_s-1007B,mlop_MTPS600,0.60509,7210,137,2633,0,1
654.roms_s-1007B,pythia_MTPS600,0.60502,6754,138,2633,0,1
654.roms_s-1007B,nopref_MTPS1200,0.58447,6619,3986,2633,0,1
654.roms_s-1007B,spp_MTPS1200,0.60373,6890,201,2633,0,1
654.roms_s-1007B,bingo_MTPS1200,0.59037,6986,2667,2633,0,1
654.roms_s-1007B,mlop_MTPS1200,0.60512,7210,137,2633,0,1
654.roms_s-1007B,pythia_MTPS1200,0.60506,6754,138,2633,0,1
654.roms_s-1007B,nopref_MTPS4800,0.58448,6619,3986,2633,0,1
654.roms_s-1007B,spp_MTPS4800,0.60374,6890,201,2633,0,1
654.roms_s-1007B,bingo_MTPS4800,0.59038,6986,2667,2633,0,1
654.roms_s-1007B,mlop_MTPS4800,0.60513,7210,137,2633,0,1
654.roms_s-1007B,pythia_MTPS4800,0.60506,6754,138,2633,0,1
654.roms_s-1007B,nopref_MTPS9600,0.58448,6619,3986,2633,0,1
654.roms_s-1007B,spp_MTPS9600,0.60374,6890,201,2633,0,1
654.roms_s-1007B,bingo_MTPS9600,0.59038,6986,2667,2633,0,1
654.roms_s-1007B,mlop_MTPS9600,0.60513,7210,137,2633,0,1
654.roms_s-1007B,pythia_MTPS9600,0.60506,6754,138,2633,0,1
